{"tb":[{"Time":0.0,"BPM":120.0},{"Time":40.85426330566406,"BPM":120.0},{"Time":80.58938598632813,"BPM":120.0},{"Time":121.658935546875,"BPM":120.0}]}
