{"tb":[{"Time":0.0,"BPM":120.0},{"Time":27.909292221069337,"BPM":120.0},{"Time":138.25885009765626,"BPM":120.0},{"Time":171.98367309570313,"BPM":120.0}]}
